{
"lengthUnit": "mil",
"remark": [],
"components": {
	"fields": ["COMPONENT_NO", "COMPONENT_NAME", "LAYER", "X_COORDINATE", "Y_COORDINATE", "ANGLE"],
	"rows": [
		[1, "CN1", "T", -90, -1055, 270],
		[2, "U1", "T", 830, -595, 0],
		[3, "U3", "T", 1915, -1690, 270],
		[4, "XT1", "T", -140, -1710, 90],
		[5, "PAD1", "T", 672.5197, -1095, 0],
		[6, "PAD1", "B", 672.5197, -1095, 0],
		[7, "PAD2", "T", 572.5197, -1095, 0],
		[8, "PAD2", "B", 572.5197, -1095, 0],
		[9, "PAD3", "T", 1687.4803, -2495, 0],
		[10, "PAD3", "B", 1687.4803, -2495, 0],
		[11, "PAD4", "T", 1687.4803, -1695, 0],
		[12, "PAD4", "B", 1687.4803, -1695, 0],
		[13, "PAD5", "T", 1787.4803, -2495, 0],
		[14, "PAD5", "B", 1787.4803, -2495, 0],
		[15, "PAD6", "T", 1687.4803, -595, 0],
		[16, "PAD6", "B", 1687.4803, -595, 0],
		[17, "PAD7", "T", 1787.4803, -595, 0],
		[18, "PAD7", "B", 1787.4803, -595, 0],
		[19, "PAD8", "T", 1887.4803, -595, 0],
		[20, "PAD8", "B", 1887.4803, -595, 0],
		[21, "PAD9", "T", 1987.4803, -595, 0],
		[22, "PAD9", "B", 1987.4803, -595, 0],
		[23, "PAD10", "T", 2087.4803, -595, 0],
		[24, "PAD10", "B", 2087.4803, -595, 0],
		[25, "PAD11", "T", 2187.4803, -595, 0],
		[26, "PAD11", "B", 2187.4803, -595, 0],
		[27, "PAD12", "T", 2287.4803, -595, 0],
		[28, "PAD12", "B", 2287.4803, -595, 0],
		[29, "PAD13", "T", 2387.4803, -595, 0],
		[30, "PAD13", "B", 2387.4803, -595, 0],
		[31, "PAD14", "T", 1687.4803, -695, 0],
		[32, "PAD14", "B", 1687.4803, -695, 0],
		[33, "PAD15", "T", 1787.4803, -695, 0],
		[34, "PAD15", "B", 1787.4803, -695, 0],
		[35, "PAD16", "T", 1887.4803, -695, 0],
		[36, "PAD16", "B", 1887.4803, -695, 0],
		[37, "PAD17", "T", 1987.4803, -695, 0],
		[38, "PAD17", "B", 1987.4803, -695, 0],
		[39, "PAD18", "T", 2087.4803, -695, 0],
		[40, "PAD18", "B", 2087.4803, -695, 0],
		[41, "PAD19", "T", 2187.4803, -695, 0],
		[42, "PAD19", "B", 2187.4803, -695, 0],
		[43, "PAD20", "T", 2287.4803, -695, 0],
		[44, "PAD20", "B", 2287.4803, -695, 0],
		[45, "PAD21", "T", 2387.4803, -695, 0],
		[46, "PAD21", "B", 2387.4803, -695, 0],
		[47, "PAD22", "T", 1687.4803, -795, 0],
		[48, "PAD22", "B", 1687.4803, -795, 0],
		[49, "PAD23", "T", 1787.4803, -795, 0],
		[50, "PAD23", "B", 1787.4803, -795, 0],
		[51, "PAD24", "T", 1887.4803, -795, 0],
		[52, "PAD24", "B", 1887.4803, -795, 0],
		[53, "PAD25", "T", 1987.4803, -795, 0],
		[54, "PAD25", "B", 1987.4803, -795, 0],
		[55, "PAD26", "T", 2087.4803, -795, 0],
		[56, "PAD26", "B", 2087.4803, -795, 0],
		[57, "PAD27", "T", 2187.4803, -795, 0],
		[58, "PAD27", "B", 2187.4803, -795, 0],
		[59, "PAD28", "T", 2287.4803, -795, 0],
		[60, "PAD28", "B", 2287.4803, -795, 0],
		[61, "PAD29", "T", 2387.4803, -795, 0],
		[62, "PAD29", "B", 2387.4803, -795, 0],
		[63, "PAD30", "T", -89.997, -1094.371, 0],
		[64, "PAD30", "B", -89.997, -1094.371, 0],
		[65, "PAD31", "T", -89.997, -1015.631, 0],
		[66, "PAD31", "B", -89.997, -1015.631, 0],
		[67, "PAD32", "T", -89.997, -936.891, 0],
		[68, "PAD32", "B", -89.997, -936.891, 0],
		[69, "PAD33", "T", 830, -795, 0],
		[70, "PAD33", "B", 830, -795, 0],
		[71, "PAD34", "T", 830, -1095, 0],
		[72, "PAD34", "B", 830, -1095, 0],
		[73, "PAD35", "T", 830, -1295, 0],
		[74, "PAD35", "B", 830, -1295, 0],
		[75, "PAD36", "T", 830, -1795, 0],
		[76, "PAD36", "B", 830, -1795, 0],
		[77, "PAD37", "T", 830, -2295, 0],
		[78, "PAD37", "B", 830, -2295, 0],
		[79, "PAD38", "T", 1530, -2495, 0],
		[80, "PAD38", "B", 1530, -2495, 0],
		[81, "PAD39", "T", 1530, -2295, 0],
		[82, "PAD39", "B", 1530, -2295, 0],
		[83, "PAD40", "T", 1530, -1795, 0],
		[84, "PAD40", "B", 1530, -1795, 0],
		[85, "PAD41", "T", 1530, -1695, 0],
		[86, "PAD41", "B", 1530, -1695, 0],
		[87, "PAD42", "T", 1530, -1495, 0],
		[88, "PAD42", "B", 1530, -1495, 0],
		[89, "PAD43", "T", 1530, -1395, 0],
		[90, "PAD43", "B", 1530, -1395, 0],
		[91, "PAD44", "T", 1530, -1295, 0],
		[92, "PAD44", "B", 1530, -1295, 0],
		[93, "PAD45", "T", 1530, -1195, 0],
		[94, "PAD45", "B", 1530, -1195, 0],
		[95, "PAD46", "T", 1530, -995, 0],
		[96, "PAD46", "B", 1530, -995, 0],
		[97, "PAD47", "T", 1530, -795, 0],
		[98, "PAD47", "B", 1530, -795, 0],
		[99, "PAD48", "T", 1530, -595, 0],
		[100, "PAD48", "B", 1530, -595, 0],
		[101, "PAD49", "T", 1900, -1395, 0],
		[102, "PAD49", "B", 1900, -1395, 0],
		[103, "PAD50", "T", 1900, -1495, 0],
		[104, "PAD50", "B", 1900, -1495, 0],
		[105, "PAD51", "T", 1900, -1595, 0],
		[106, "PAD51", "B", 1900, -1595, 0],
		[107, "PAD52", "T", 1900, -1695, 0],
		[108, "PAD52", "B", 1900, -1695, 0],
		[109, "PAD53", "T", 1900, -1795, 0],
		[110, "PAD53", "B", 1900, -1795, 0],
		[111, "PAD54", "T", 1900, -1895, 0],
		[112, "PAD54", "B", 1900, -1895, 0],
		[113, "PAD55", "T", 1900, -1995, 0],
		[114, "PAD55", "B", 1900, -1995, 0],
		[115, "PAD56", "T", -140, -1510, 0],
		[116, "PAD56", "B", -140, -1510, 0],
		[117, "PAD57", "T", -140, -1610, 0],
		[118, "PAD57", "B", -140, -1610, 0],
		[119, "PAD58", "T", -140, -1710, 0],
		[120, "PAD58", "B", -140, -1710, 0]
	]
},
"pins": {
	"fields": ["PIN_NO", "PIN_NAME", "PIN_X", "PIN_Y", "LAYER", "PIN_TYPE", "NET_NAME", "NET_TYPE", "PAD_SHAPE", "PAD_SIZEX", "PAD_SIZEY", "HOLE_SIZE", "HOLE_LEN", "PAD_ANGLE"],
	"rows": [
		[1, "CN1_1", -89.997, -1173.111, "T", "DIP", "NET_1", "", "R", 62.992, 62.992, 39.37, 39.37, 270],
		[2, "CN1_1", -89.997, -1173.111, "B", "DIP", "NET_1", "", "R", 62.992, 62.992, 39.37, 39.37, 270],
		[3, "CN1_2", -89.997, -1094.371, "T", "DIP", "NET_2", "", "C", 62.992, 62.992, 39.37, 39.37, 270],
		[4, "CN1_2", -89.997, -1094.371, "B", "DIP", "NET_2", "", "C", 62.992, 62.992, 39.37, 39.37, 270],
		[5, "CN1_3", -89.997, -1015.631, "T", "DIP", "VBUS", "", "C", 62.992, 62.992, 39.37, 39.37, 270],
		[6, "CN1_3", -89.997, -1015.631, "B", "DIP", "VBUS", "", "C", 62.992, 62.992, 39.37, 39.37, 270],
		[7, "CN1_4", -89.997, -936.891, "T", "DIP", "GND", "GND", "C", 62.992, 62.992, 39.37, 39.37, 270],
		[8, "CN1_4", -89.997, -936.891, "B", "DIP", "GND", "GND", "C", 62.992, 62.992, 39.37, 39.37, 270],
		[9, "U1_1", 830, -595, "T", "DIP", "NET_3", "", "C", 60, 60, 36, 36, 0],
		[10, "U1_1", 830, -595, "B", "DIP", "NET_3", "", "C", 60, 60, 36, 36, 0],
		[11, "U1_2", 830, -695, "T", "DIP", "NET_4", "", "C", 60, 60, 36, 36, 0],
		[12, "U1_2", 830, -695, "B", "DIP", "NET_4", "", "C", 60, 60, 36, 36, 0],
		[13, "U1_3", 830, -795, "T", "DIP", "GND", "GND", "R", 60, 60, 36, 36, 0],
		[14, "U1_3", 830, -795, "B", "DIP", "GND", "GND", "R", 60, 60, 36, 36, 0],
		[15, "U1_4", 830, -895, "T", "DIP", "NET_5", "", "C", 60, 60, 36, 36, 0],
		[16, "U1_4", 830, -895, "B", "DIP", "NET_5", "", "C", 60, 60, 36, 36, 0],
		[17, "U1_5", 830, -995, "T", "DIP", "NET_6", "", "C", 60, 60, 36, 36, 0],
		[18, "U1_5", 830, -995, "B", "DIP", "NET_6", "", "C", 60, 60, 36, 36, 0],
		[19, "U1_6", 830, -1095, "T", "DIP", "NET_2", "", "C", 60, 60, 36, 36, 0],
		[20, "U1_6", 830, -1095, "B", "DIP", "NET_2", "", "C", 60, 60, 36, 36, 0],
		[21, "U1_7", 830, -1195, "T", "DIP", "NET_7", "", "C", 60, 60, 36, 36, 0],
		[22, "U1_7", 830, -1195, "B", "DIP", "NET_7", "", "C", 60, 60, 36, 36, 0],
		[23, "U1_8", 830, -1295, "T", "DIP", "GND", "GND", "R", 60, 60, 36, 36, 0],
		[24, "U1_8", 830, -1295, "B", "DIP", "GND", "GND", "R", 60, 60, 36, 36, 0],
		[25, "U1_9", 830, -1395, "T", "DIP", "NET_8", "", "C", 60, 60, 36, 36, 0],
		[26, "U1_9", 830, -1395, "B", "DIP", "NET_8", "", "C", 60, 60, 36, 36, 0],
		[27, "U1_10", 830, -1495, "T", "DIP", "NET_9", "", "C", 60, 60, 36, 36, 0],
		[28, "U1_10", 830, -1495, "B", "DIP", "NET_9", "", "C", 60, 60, 36, 36, 0],
		[29, "U1_11", 830, -1595, "T", "DIP", "NET_10", "", "C", 60, 60, 36, 36, 0],
		[30, "U1_11", 830, -1595, "B", "DIP", "NET_10", "", "C", 60, 60, 36, 36, 0],
		[31, "U1_12", 830, -1695, "T", "DIP", "NET_11", "", "C", 60, 60, 36, 36, 0],
		[32, "U1_12", 830, -1695, "B", "DIP", "NET_11", "", "C", 60, 60, 36, 36, 0],
		[33, "U1_13", 830, -1795, "T", "DIP", "GND", "GND", "R", 60, 60, 36, 36, 0],
		[34, "U1_13", 830, -1795, "B", "DIP", "GND", "GND", "R", 60, 60, 36, 36, 0],
		[35, "U1_14", 830, -1895, "T", "DIP", "NET_12", "", "C", 60, 60, 36, 36, 0],
		[36, "U1_14", 830, -1895, "B", "DIP", "NET_12", "", "C", 60, 60, 36, 36, 0],
		[37, "U1_15", 830, -1995, "T", "DIP", "NET_13", "", "C", 60, 60, 36, 36, 0],
		[38, "U1_15", 830, -1995, "B", "DIP", "NET_13", "", "C", 60, 60, 36, 36, 0],
		[39, "U1_16", 830, -2095, "T", "DIP", "NET_14", "", "C", 60, 60, 36, 36, 0],
		[40, "U1_16", 830, -2095, "B", "DIP", "NET_14", "", "C", 60, 60, 36, 36, 0],
		[41, "U1_17", 830, -2195, "T", "DIP", "NET_15", "", "C", 60, 60, 36, 36, 0],
		[42, "U1_17", 830, -2195, "B", "DIP", "NET_15", "", "C", 60, 60, 36, 36, 0],
		[43, "U1_18", 830, -2295, "T", "DIP", "GND", "GND", "R", 60, 60, 36, 36, 0],
		[44, "U1_18", 830, -2295, "B", "DIP", "GND", "GND", "R", 60, 60, 36, 36, 0],
		[45, "U1_19", 830, -2395, "T", "DIP", "NET_16", "", "C", 60, 60, 36, 36, 0],
		[46, "U1_19", 830, -2395, "B", "DIP", "NET_16", "", "C", 60, 60, 36, 36, 0],
		[47, "U1_20", 830, -2495, "T", "DIP", "NET_17", "", "C", 60, 60, 36, 36, 0],
		[48, "U1_20", 830, -2495, "B", "DIP", "NET_17", "", "C", 60, 60, 36, 36, 0],
		[49, "U1_21", 1530, -2495, "T", "DIP", "SD_I2S", "", "C", 60, 60, 36, 36, 0],
		[50, "U1_21", 1530, -2495, "B", "DIP", "SD_I2S", "", "C", 60, 60, 36, 36, 0],
		[51, "U1_22", 1530, -2395, "T", "DIP", "NET_18", "", "C", 60, 60, 36, 36, 0],
		[52, "U1_22", 1530, -2395, "B", "DIP", "NET_18", "", "C", 60, 60, 36, 36, 0],
		[53, "U1_23", 1530, -2295, "T", "DIP", "GND", "GND", "R", 60, 60, 36, 36, 0],
		[54, "U1_23", 1530, -2295, "B", "DIP", "GND", "GND", "R", 60, 60, 36, 36, 0],
		[55, "U1_24", 1530, -2195, "T", "DIP", "NET_19", "", "C", 60, 60, 36, 36, 0],
		[56, "U1_24", 1530, -2195, "B", "DIP", "NET_19", "", "C", 60, 60, 36, 36, 0],
		[57, "U1_25", 1530, -2095, "T", "DIP", "NET_20", "", "C", 60, 60, 36, 36, 0],
		[58, "U1_25", 1530, -2095, "B", "DIP", "NET_20", "", "C", 60, 60, 36, 36, 0],
		[59, "U1_26", 1530, -1995, "T", "DIP", "NET_21", "", "C", 60, 60, 36, 36, 0],
		[60, "U1_26", 1530, -1995, "B", "DIP", "NET_21", "", "C", 60, 60, 36, 36, 0],
		[61, "U1_27", 1530, -1895, "T", "DIP", "NET_22", "", "C", 60, 60, 36, 36, 0],
		[62, "U1_27", 1530, -1895, "B", "DIP", "NET_22", "", "C", 60, 60, 36, 36, 0],
		[63, "U1_28", 1530, -1795, "T", "DIP", "GND", "GND", "R", 60, 60, 36, 36, 0],
		[64, "U1_28", 1530, -1795, "B", "DIP", "GND", "GND", "R", 60, 60, 36, 36, 0],
		[65, "U1_29", 1530, -1695, "T", "DIP", "NET_23", "", "C", 60, 60, 36, 36, 0],
		[66, "U1_29", 1530, -1695, "B", "DIP", "NET_23", "", "C", 60, 60, 36, 36, 0],
		[67, "U1_30", 1530, -1595, "T", "DIP", "NET_24", "", "C", 60, 60, 36, 36, 0],
		[68, "U1_30", 1530, -1595, "B", "DIP", "NET_24", "", "C", 60, 60, 36, 36, 0],
		[69, "U1_31", 1530, -1495, "T", "DIP", "GP26_I2S", "", "C", 60, 60, 36, 36, 0],
		[70, "U1_31", 1530, -1495, "B", "DIP", "GP26_I2S", "", "C", 60, 60, 36, 36, 0],
		[71, "U1_32", 1530, -1395, "T", "DIP", "GP27_I2S", "", "C", 60, 60, 36, 36, 0],
		[72, "U1_32", 1530, -1395, "B", "DIP", "GP27_I2S", "", "C", 60, 60, 36, 36, 0],
		[73, "U1_33", 1530, -1295, "T", "DIP", "GND", "GND", "R", 60, 60, 36, 36, 0],
		[74, "U1_33", 1530, -1295, "B", "DIP", "GND", "GND", "R", 60, 60, 36, 36, 0],
		[75, "U1_34", 1530, -1195, "T", "DIP", "GP28_I2S", "", "C", 60, 60, 36, 36, 0],
		[76, "U1_34", 1530, -1195, "B", "DIP", "GP28_I2S", "", "C", 60, 60, 36, 36, 0],
		[77, "U1_35", 1530, -1095, "T", "DIP", "NET_25", "", "C", 60, 60, 36, 36, 0],
		[78, "U1_35", 1530, -1095, "B", "DIP", "NET_25", "", "C", 60, 60, 36, 36, 0],
		[79, "U1_36", 1530, -995, "T", "DIP", "3V3", "", "C", 60, 60, 36, 36, 0],
		[80, "U1_36", 1530, -995, "B", "DIP", "3V3", "", "C", 60, 60, 36, 36, 0],
		[81, "U1_37", 1530, -895, "T", "DIP", "NET_26", "", "C", 60, 60, 36, 36, 0],
		[82, "U1_37", 1530, -895, "B", "DIP", "NET_26", "", "C", 60, 60, 36, 36, 0],
		[83, "U1_38", 1530, -795, "T", "DIP", "GND", "GND", "R", 60, 60, 36, 36, 0],
		[84, "U1_38", 1530, -795, "B", "DIP", "GND", "GND", "R", 60, 60, 36, 36, 0],
		[85, "U1_39", 1530, -695, "T", "DIP", "NET_27", "", "C", 60, 60, 36, 36, 0],
		[86, "U1_39", 1530, -695, "B", "DIP", "NET_27", "", "C", 60, 60, 36, 36, 0],
		[87, "U1_40", 1530, -595, "T", "DIP", "VBUS", "", "C", 60, 60, 36, 36, 0],
		[88, "U1_40", 1530, -595, "B", "DIP", "VBUS", "", "C", 60, 60, 36, 36, 0],
		[89, "U1_41", 1202.9921, -1769.4094, "T", "DIP", "NET_28", "", "R", 60, 60, 36, 36, 0],
		[90, "U1_41", 1202.9921, -1769.4094, "B", "DIP", "NET_28", "", "R", 60, 60, 36, 36, 0],
		[91, "U1_42", 1302.9921, -1769.4094, "T", "DIP", "NET_29", "", "C", 60, 60, 36, 36, 0],
		[92, "U1_42", 1302.9921, -1769.4094, "B", "DIP", "NET_29", "", "C", 60, 60, 36, 36, 0],
		[93, "U1_43", 1402.9921, -1769.4094, "T", "DIP", "NET_30", "", "C", 60, 60, 36, 36, 0],
		[94, "U1_43", 1402.9921, -1769.4094, "B", "DIP", "NET_30", "", "C", 60, 60, 36, 36, 0],
		[95, "U3_1", 1900, -1395, "T", "DIP", "GP27_I2S", "", "C", 62.9921, 62.9921, 47.2441, 47.2441, 270],
		[96, "U3_1", 1900, -1395, "B", "DIP", "GP27_I2S", "", "C", 62.9921, 62.9921, 47.2441, 47.2441, 270],
		[97, "U3_2", 1900, -1495, "T", "DIP", "GP26_I2S", "", "C", 62.9921, 62.9921, 47.2441, 47.2441, 270],
		[98, "U3_2", 1900, -1495, "B", "DIP", "GP26_I2S", "", "C", 62.9921, 62.9921, 47.2441, 47.2441, 270],
		[99, "U3_3", 1900, -1595, "T", "DIP", "GP28_I2S", "", "C", 62.9921, 62.9921, 47.2441, 47.2441, 270],
		[100, "U3_3", 1900, -1595, "B", "DIP", "GP28_I2S", "", "C", 62.9921, 62.9921, 47.2441, 47.2441, 270],
		[101, "U3_4", 1900, -1695, "T", "DIP", "GND", "GND", "C", 62.9921, 62.9921, 47.2441, 47.2441, 270],
		[102, "U3_4", 1900, -1695, "B", "DIP", "GND", "GND", "C", 62.9921, 62.9921, 47.2441, 47.2441, 270],
		[103, "U3_5", 1900, -1795, "T", "DIP", "SD_I2S", "", "C", 62.9921, 62.9921, 47.2441, 47.2441, 270],
		[104, "U3_5", 1900, -1795, "B", "DIP", "SD_I2S", "", "C", 62.9921, 62.9921, 47.2441, 47.2441, 270],
		[105, "U3_6", 1900, -1895, "T", "DIP", "GND", "GND", "C", 62.9921, 62.9921, 47.2441, 47.2441, 270],
		[106, "U3_6", 1900, -1895, "B", "DIP", "GND", "GND", "C", 62.9921, 62.9921, 47.2441, 47.2441, 270],
		[107, "U3_7", 1900, -1995, "T", "DIP", "VBUS", "", "C", 62.9921, 62.9921, 47.2441, 47.2441, 270],
		[108, "U3_7", 1900, -1995, "B", "DIP", "VBUS", "", "C", 62.9921, 62.9921, 47.2441, 47.2441, 270],
		[109, "XT1_1", -140, -1710, "T", "DIP", "NET_23", "", "R", 70.866, 70.866, 40.158, 40.158, 90],
		[110, "XT1_1", -140, -1710, "B", "DIP", "NET_23", "", "R", 70.866, 70.866, 40.158, 40.158, 90],
		[111, "XT1_2", -140, -1610, "T", "DIP", "3V3", "", "C", 70.866, 70.866, 40.158, 40.158, 90],
		[112, "XT1_2", -140, -1610, "B", "DIP", "3V3", "", "C", 70.866, 70.866, 40.158, 40.158, 90],
		[113, "XT1_3", -140, -1510, "T", "DIP", "GND", "GND", "C", 70.866, 70.866, 40.158, 40.158, 90],
		[114, "XT1_3", -140, -1510, "B", "DIP", "GND", "GND", "C", 70.866, 70.866, 40.158, 40.158, 90],
		[115, "PAD1_1", 672.5197, -1095, "T", "DIP", "NET_2", "", "C", 60, 60, 36, 36, 0],
		[116, "PAD1_1", 672.5197, -1095, "B", "DIP", "NET_2", "", "C", 60, 60, 36, 36, 0],
		[117, "PAD2_1", 572.5197, -1095, "T", "DIP", "NET_2", "", "C", 60, 60, 36, 36, 0],
		[118, "PAD2_1", 572.5197, -1095, "B", "DIP", "NET_2", "", "C", 60, 60, 36, 36, 0],
		[119, "PAD3_1", 1687.4803, -2495, "T", "DIP", "SD_I2S", "", "C", 60, 60, 36, 36, 0],
		[120, "PAD3_1", 1687.4803, -2495, "B", "DIP", "SD_I2S", "", "C", 60, 60, 36, 36, 0],
		[121, "PAD4_3", 1687.4803, -1695, "T", "DIP", "NET_23", "", "C", 60, 60, 36, 36, 0],
		[122, "PAD4_3", 1687.4803, -1695, "B", "DIP", "NET_23", "", "C", 60, 60, 36, 36, 0],
		[123, "PAD5_1", 1787.4803, -2495, "T", "DIP", "SD_I2S", "", "C", 60, 60, 36, 36, 0],
		[124, "PAD5_1", 1787.4803, -2495, "B", "DIP", "SD_I2S", "", "C", 60, 60, 36, 36, 0],
		[125, "PAD6_1", 1687.4803, -595, "T", "DIP", "VBUS", "", "C", 60, 60, 36, 36, 0],
		[126, "PAD6_1", 1687.4803, -595, "B", "DIP", "VBUS", "", "C", 60, 60, 36, 36, 0],
		[127, "PAD7_2", 1787.4803, -595, "T", "DIP", "VBUS", "", "C", 60, 60, 36, 36, 0],
		[128, "PAD7_2", 1787.4803, -595, "B", "DIP", "VBUS", "", "C", 60, 60, 36, 36, 0],
		[129, "PAD8_3", 1887.4803, -595, "T", "DIP", "VBUS", "", "C", 60, 60, 36, 36, 0],
		[130, "PAD8_3", 1887.4803, -595, "B", "DIP", "VBUS", "", "C", 60, 60, 36, 36, 0],
		[131, "PAD9_4", 1987.4803, -595, "T", "DIP", "VBUS", "", "C", 60, 60, 36, 36, 0],
		[132, "PAD9_4", 1987.4803, -595, "B", "DIP", "VBUS", "", "C", 60, 60, 36, 36, 0],
		[133, "PAD10_5", 2087.4803, -595, "T", "DIP", "VBUS", "", "C", 60, 60, 36, 36, 0],
		[134, "PAD10_5", 2087.4803, -595, "B", "DIP", "VBUS", "", "C", 60, 60, 36, 36, 0],
		[135, "PAD11_1", 2187.4803, -595, "T", "DIP", "VBUS", "", "C", 60, 60, 36, 36, 0],
		[136, "PAD11_1", 2187.4803, -595, "B", "DIP", "VBUS", "", "C", 60, 60, 36, 36, 0],
		[137, "PAD12_2", 2287.4803, -595, "T", "DIP", "VBUS", "", "C", 60, 60, 36, 36, 0],
		[138, "PAD12_2", 2287.4803, -595, "B", "DIP", "VBUS", "", "C", 60, 60, 36, 36, 0],
		[139, "PAD13_3", 2387.4803, -595, "T", "DIP", "VBUS", "", "C", 60, 60, 36, 36, 0],
		[140, "PAD13_3", 2387.4803, -595, "B", "DIP", "VBUS", "", "C", 60, 60, 36, 36, 0],
		[141, "PAD14_1", 1687.4803, -695, "T", "DIP", "3V3", "", "C", 60, 60, 36, 36, 0],
		[142, "PAD14_1", 1687.4803, -695, "B", "DIP", "3V3", "", "C", 60, 60, 36, 36, 0],
		[143, "PAD15_2", 1787.4803, -695, "T", "DIP", "3V3", "", "C", 60, 60, 36, 36, 0],
		[144, "PAD15_2", 1787.4803, -695, "B", "DIP", "3V3", "", "C", 60, 60, 36, 36, 0],
		[145, "PAD16_3", 1887.4803, -695, "T", "DIP", "3V3", "", "C", 60, 60, 36, 36, 0],
		[146, "PAD16_3", 1887.4803, -695, "B", "DIP", "3V3", "", "C", 60, 60, 36, 36, 0],
		[147, "PAD17_4", 1987.4803, -695, "T", "DIP", "3V3", "", "C", 60, 60, 36, 36, 0],
		[148, "PAD17_4", 1987.4803, -695, "B", "DIP", "3V3", "", "C", 60, 60, 36, 36, 0],
		[149, "PAD18_5", 2087.4803, -695, "T", "DIP", "3V3", "", "C", 60, 60, 36, 36, 0],
		[150, "PAD18_5", 2087.4803, -695, "B", "DIP", "3V3", "", "C", 60, 60, 36, 36, 0],
		[151, "PAD19_1", 2187.4803, -695, "T", "DIP", "3V3", "", "C", 60, 60, 36, 36, 0],
		[152, "PAD19_1", 2187.4803, -695, "B", "DIP", "3V3", "", "C", 60, 60, 36, 36, 0],
		[153, "PAD20_2", 2287.4803, -695, "T", "DIP", "3V3", "", "C", 60, 60, 36, 36, 0],
		[154, "PAD20_2", 2287.4803, -695, "B", "DIP", "3V3", "", "C", 60, 60, 36, 36, 0],
		[155, "PAD21_3", 2387.4803, -695, "T", "DIP", "3V3", "", "C", 60, 60, 36, 36, 0],
		[156, "PAD21_3", 2387.4803, -695, "B", "DIP", "3V3", "", "C", 60, 60, 36, 36, 0],
		[157, "PAD22_1", 1687.4803, -795, "T", "DIP", "GND", "GND", "R", 60, 60, 36, 36, 0],
		[158, "PAD22_1", 1687.4803, -795, "B", "DIP", "GND", "GND", "R", 60, 60, 36, 36, 0],
		[159, "PAD23_2", 1787.4803, -795, "T", "DIP", "GND", "GND", "R", 60, 60, 36, 36, 0],
		[160, "PAD23_2", 1787.4803, -795, "B", "DIP", "GND", "GND", "R", 60, 60, 36, 36, 0],
		[161, "PAD24_3", 1887.4803, -795, "T", "DIP", "GND", "GND", "R", 60, 60, 36, 36, 0],
		[162, "PAD24_3", 1887.4803, -795, "B", "DIP", "GND", "GND", "R", 60, 60, 36, 36, 0],
		[163, "PAD25_4", 1987.4803, -795, "T", "DIP", "GND", "GND", "R", 60, 60, 36, 36, 0],
		[164, "PAD25_4", 1987.4803, -795, "B", "DIP", "GND", "GND", "R", 60, 60, 36, 36, 0],
		[165, "PAD26_5", 2087.4803, -795, "T", "DIP", "GND", "GND", "R", 60, 60, 36, 36, 0],
		[166, "PAD26_5", 2087.4803, -795, "B", "DIP", "GND", "GND", "R", 60, 60, 36, 36, 0],
		[167, "PAD27_1", 2187.4803, -795, "T", "DIP", "GND", "GND", "R", 60, 60, 36, 36, 0],
		[168, "PAD27_1", 2187.4803, -795, "B", "DIP", "GND", "GND", "R", 60, 60, 36, 36, 0],
		[169, "PAD28_2", 2287.4803, -795, "T", "DIP", "GND", "GND", "R", 60, 60, 36, 36, 0],
		[170, "PAD28_2", 2287.4803, -795, "B", "DIP", "GND", "GND", "R", 60, 60, 36, 36, 0],
		[171, "PAD29_3", 2387.4803, -795, "T", "DIP", "GND", "GND", "R", 60, 60, 36, 36, 0],
		[172, "PAD29_3", 2387.4803, -795, "B", "DIP", "GND", "GND", "R", 60, 60, 36, 36, 0],
		[173, "PAD30_2", -89.997, -1094.371, "T", "DIP", "NET_2", "", "C", 62.992, 62.992, 39.37, 39.37, 270],
		[174, "PAD30_2", -89.997, -1094.371, "B", "DIP", "NET_2", "", "C", 62.992, 62.992, 39.37, 39.37, 270],
		[175, "PAD31_3", -89.997, -1015.631, "T", "DIP", "VBUS", "", "C", 62.992, 62.992, 39.37, 39.37, 270],
		[176, "PAD31_3", -89.997, -1015.631, "B", "DIP", "VBUS", "", "C", 62.992, 62.992, 39.37, 39.37, 270],
		[177, "PAD32_4", -89.997, -936.891, "T", "DIP", "GND", "GND", "C", 62.992, 62.992, 39.37, 39.37, 270],
		[178, "PAD32_4", -89.997, -936.891, "B", "DIP", "GND", "GND", "C", 62.992, 62.992, 39.37, 39.37, 270],
		[179, "PAD33_3", 830, -795, "T", "DIP", "GND", "GND", "R", 60, 60, 36, 36, 0],
		[180, "PAD33_3", 830, -795, "B", "DIP", "GND", "GND", "R", 60, 60, 36, 36, 0],
		[181, "PAD34_6", 830, -1095, "T", "DIP", "NET_2", "", "C", 60, 60, 36, 36, 0],
		[182, "PAD34_6", 830, -1095, "B", "DIP", "NET_2", "", "C", 60, 60, 36, 36, 0],
		[183, "PAD35_8", 830, -1295, "T", "DIP", "GND", "GND", "R", 60, 60, 36, 36, 0],
		[184, "PAD35_8", 830, -1295, "B", "DIP", "GND", "GND", "R", 60, 60, 36, 36, 0],
		[185, "PAD36_13", 830, -1795, "T", "DIP", "GND", "GND", "R", 60, 60, 36, 36, 0],
		[186, "PAD36_13", 830, -1795, "B", "DIP", "GND", "GND", "R", 60, 60, 36, 36, 0],
		[187, "PAD37_18", 830, -2295, "T", "DIP", "GND", "GND", "R", 60, 60, 36, 36, 0],
		[188, "PAD37_18", 830, -2295, "B", "DIP", "GND", "GND", "R", 60, 60, 36, 36, 0],
		[189, "PAD38_21", 1530, -2495, "T", "DIP", "SD_I2S", "", "C", 60, 60, 36, 36, 0],
		[190, "PAD38_21", 1530, -2495, "B", "DIP", "SD_I2S", "", "C", 60, 60, 36, 36, 0],
		[191, "PAD39_23", 1530, -2295, "T", "DIP", "GND", "GND", "R", 60, 60, 36, 36, 0],
		[192, "PAD39_23", 1530, -2295, "B", "DIP", "GND", "GND", "R", 60, 60, 36, 36, 0],
		[193, "PAD40_28", 1530, -1795, "T", "DIP", "GND", "GND", "R", 60, 60, 36, 36, 0],
		[194, "PAD40_28", 1530, -1795, "B", "DIP", "GND", "GND", "R", 60, 60, 36, 36, 0],
		[195, "PAD41_29", 1530, -1695, "T", "DIP", "NET_23", "", "C", 60, 60, 36, 36, 0],
		[196, "PAD41_29", 1530, -1695, "B", "DIP", "NET_23", "", "C", 60, 60, 36, 36, 0],
		[197, "PAD42_31", 1530, -1495, "T", "DIP", "GP26_I2S", "", "C", 60, 60, 36, 36, 0],
		[198, "PAD42_31", 1530, -1495, "B", "DIP", "GP26_I2S", "", "C", 60, 60, 36, 36, 0],
		[199, "PAD43_32", 1530, -1395, "T", "DIP", "GP27_I2S", "", "C", 60, 60, 36, 36, 0],
		[200, "PAD43_32", 1530, -1395, "B", "DIP", "GP27_I2S", "", "C", 60, 60, 36, 36, 0],
		[201, "PAD44_33", 1530, -1295, "T", "DIP", "GND", "GND", "R", 60, 60, 36, 36, 0],
		[202, "PAD44_33", 1530, -1295, "B", "DIP", "GND", "GND", "R", 60, 60, 36, 36, 0],
		[203, "PAD45_34", 1530, -1195, "T", "DIP", "GP28_I2S", "", "C", 60, 60, 36, 36, 0],
		[204, "PAD45_34", 1530, -1195, "B", "DIP", "GP28_I2S", "", "C", 60, 60, 36, 36, 0],
		[205, "PAD46_36", 1530, -995, "T", "DIP", "3V3", "", "C", 60, 60, 36, 36, 0],
		[206, "PAD46_36", 1530, -995, "B", "DIP", "3V3", "", "C", 60, 60, 36, 36, 0],
		[207, "PAD47_38", 1530, -795, "T", "DIP", "GND", "GND", "R", 60, 60, 36, 36, 0],
		[208, "PAD47_38", 1530, -795, "B", "DIP", "GND", "GND", "R", 60, 60, 36, 36, 0],
		[209, "PAD48_40", 1530, -595, "T", "DIP", "VBUS", "", "C", 60, 60, 36, 36, 0],
		[210, "PAD48_40", 1530, -595, "B", "DIP", "VBUS", "", "C", 60, 60, 36, 36, 0],
		[211, "PAD49_1", 1900, -1395, "T", "DIP", "GP27_I2S", "", "C", 62.9921, 62.9921, 47.2441, 47.2441, 270],
		[212, "PAD49_1", 1900, -1395, "B", "DIP", "GP27_I2S", "", "C", 62.9921, 62.9921, 47.2441, 47.2441, 270],
		[213, "PAD50_2", 1900, -1495, "T", "DIP", "GP26_I2S", "", "C", 62.9921, 62.9921, 47.2441, 47.2441, 270],
		[214, "PAD50_2", 1900, -1495, "B", "DIP", "GP26_I2S", "", "C", 62.9921, 62.9921, 47.2441, 47.2441, 270],
		[215, "PAD51_3", 1900, -1595, "T", "DIP", "GP28_I2S", "", "C", 62.9921, 62.9921, 47.2441, 47.2441, 270],
		[216, "PAD51_3", 1900, -1595, "B", "DIP", "GP28_I2S", "", "C", 62.9921, 62.9921, 47.2441, 47.2441, 270],
		[217, "PAD52_4", 1900, -1695, "T", "DIP", "GND", "GND", "C", 62.9921, 62.9921, 47.2441, 47.2441, 270],
		[218, "PAD52_4", 1900, -1695, "B", "DIP", "GND", "GND", "C", 62.9921, 62.9921, 47.2441, 47.2441, 270],
		[219, "PAD53_5", 1900, -1795, "T", "DIP", "SD_I2S", "", "C", 62.9921, 62.9921, 47.2441, 47.2441, 270],
		[220, "PAD53_5", 1900, -1795, "B", "DIP", "SD_I2S", "", "C", 62.9921, 62.9921, 47.2441, 47.2441, 270],
		[221, "PAD54_6", 1900, -1895, "T", "DIP", "GND", "GND", "C", 62.9921, 62.9921, 47.2441, 47.2441, 270],
		[222, "PAD54_6", 1900, -1895, "B", "DIP", "GND", "GND", "C", 62.9921, 62.9921, 47.2441, 47.2441, 270],
		[223, "PAD55_7", 1900, -1995, "T", "DIP", "VBUS", "", "C", 62.9921, 62.9921, 47.2441, 47.2441, 270],
		[224, "PAD55_7", 1900, -1995, "B", "DIP", "VBUS", "", "C", 62.9921, 62.9921, 47.2441, 47.2441, 270],
		[225, "PAD56_3", -140, -1510, "T", "DIP", "GND", "GND", "C", 70.866, 70.866, 40.158, 40.158, 90],
		[226, "PAD56_3", -140, -1510, "B", "DIP", "GND", "GND", "C", 70.866, 70.866, 40.158, 40.158, 90],
		[227, "PAD57_2", -140, -1610, "T", "DIP", "3V3", "", "C", 70.866, 70.866, 40.158, 40.158, 90],
		[228, "PAD57_2", -140, -1610, "B", "DIP", "3V3", "", "C", 70.866, 70.866, 40.158, 40.158, 90],
		[229, "PAD58_1", -140, -1710, "T", "DIP", "NET_23", "", "R", 70.866, 70.866, 40.158, 40.158, 90],
		[230, "PAD58_1", -140, -1710, "B", "DIP", "NET_23", "", "R", 70.866, 70.866, 40.158, 40.158, 90]
	]
}
}